Date,Open,High,Low,Close,Volume
2023-03-17,99.79,100.66,97.455,98.95,87300242
2023-03-16,95.75,100.99,95.61,100.04,84558934
2023-03-15,93.22,96.67,93.07,96.2,70731792
2023-03-14,93.83,95.07,92.71,94.88,60912674
2023-03-13,89.97,94.02,88.12,92.43,72397053
2023-03-10,92.67,93.57,90.245,90.73,69827490
2023-03-09,93.68,96.21,92.18,92.25,56218705
2023-03-08,93.6,94.165,92.18,93.92,44899128
2023-03-07,94.06,95.09,92.78,93.55,49100668
2023-03-06,95.19,96.545,93.74,93.75,52112355
2023-03-03,92.74,94.94,92.66,94.9,55759609
2023-03-02,91.41,92.23,90.39,92.13,55574820
2023-03-01,93.87,94.68,91.59,92.17,52299524
2023-02-28,93.14,94.69,92.92,94.23,43959290
2023-02-27,94.28,94.78,93.14,93.76,47470321
2023-02-24,93.53,94.14,92.3186,93.5,57053812
2023-02-23,96.12,96.43,93.67,95.82,48466994
2023-02-22,95.1,97.01,94.8,95.79,59534094
2023-02-21,95.335,95.605,94.27,94.58,56580360
2023-02-17,97.8,97.94,95.65,97.2,60029405
2023-02-16,99.21,100.63,98.1,98.15,56339173
2023-02-15,99.09,101.17,98.45,101.16,48053879
2023-02-14,98.41,100.9207,97.52,99.7,56202898
2023-02-13,97.85,99.68,96.91,99.54,52841464
2023-02-10,97.56,98.8163,96.23,97.61,52740133
2023-02-09,101.32,101.78,97.57,98.24,64622489
2023-02-08,102.04,102.6699,98.775,100.05,75878304
2023-02-07,101.17,102.41,98.08,102.11,119501301
2023-02-06,102.925,103.9484,100.65,102.18,81945199
2023-02-03,105.26,108.78,102.52,103.39,144374828
2023-02-02,110.245,114.0,108.88,112.91,158154243
2023-02-01,102.53,106.24,101.24,105.15,80450121
2023-01-31,101.155,103.3484,101.14,103.13,66527253
2023-01-30,101.09,101.74,99.01,100.55,70691860
2023-01-27,99.53,103.485,99.53,102.24,87775614
2023-01-26,98.235,99.49,96.92,99.22,68523557
2023-01-25,92.56,97.24,91.52,97.18,94261570
2023-01-24,96.93,98.09,96.0,96.32,66929452
2023-01-23,97.56,97.78,95.86,97.52,76501103
2023-01-20,93.86,97.354,93.2025,97.25,67481539
2023-01-19,94.74,95.44,92.86,93.68,69002663
2023-01-18,97.25,99.32,95.38,95.46,79570370
2023-01-17,98.68,98.89,95.73,96.05,72755001
2023-01-13,94.18,98.37,94.12,98.12,85549432
2023-01-12,96.93,97.19,93.5,95.27,85254781
2023-01-11,90.93,95.26,90.93,95.09,103126183
2023-01-10,87.57,90.185,87.29,89.87,67756601
2023-01-09,87.46,89.48,87.08,87.36,65266056
2023-01-06,83.03,86.4,81.43,86.08,83303361
2023-01-05,85.33,85.42,83.07,83.12,67930825
2023-01-04,86.55,86.98,83.36,85.14,68885123
2023-01-03,85.46,86.96,84.205,85.82,76706040
2022-12-30,83.12,84.05,82.47,84.0,62401194
2022-12-29,82.87,84.55,82.55,84.18,54995895
2022-12-28,82.8,83.48,81.69,81.82,58228575
2022-12-27,84.97,85.35,83.0,83.04,57284035
2022-12-23,83.25,85.78,82.9344,85.25,57433655
2022-12-22,85.52,85.68,82.25,83.79,81431314
2022-12-21,86.175,87.225,85.21,86.77,59267156
2022-12-20,85.33,86.61,84.33,85.19,74348301
2022-12-19,87.51,87.63,84.51,84.92,83531460
2022-12-16,88.265,89.35,86.73,87.86,146144064
2022-12-15,89.89,89.97,87.47,88.45,84802877
2022-12-14,92.502,93.4581,89.87,91.58,70298006
2022-12-13,95.23,96.25,90.52,92.49,100212038
2022-12-12,89.21,90.58,87.87,90.55,61999762
2022-12-09,88.9,90.3,88.63,89.09,67398506
2022-12-08,89.24,90.86,87.88,90.35,73305887
2022-12-07,88.34,89.89,87.48,88.46,68086880
2022-12-06,90.5,91.04,87.9,88.25,75503628
2022-12-05,93.05,94.06,90.82,91.01,71535526
2022-12-02,94.475,95.36,93.78,94.13,72496388
2022-12-01,96.99,97.23,94.92,95.5,68487969
2022-11-30,92.47,96.54,91.525,96.54,102805806
2022-11-29,94.04,94.41,91.44,92.42,65567286
2022-11-28,93.93,96.4,93.43,93.95,75062316
2022-11-25,93.79,94.43,93.065,93.41,35088609
2022-11-23,93.24,94.58,92.83,94.13,59414684
2022-11-22,92.62,93.35,90.87,93.2,62191962
2022-11-21,93.97,95.02,90.59,92.46,84330270
2022-11-18,95.95,95.99,92.48,94.14,72428185
2022-11-17,95.37,96.97,94.03,94.85,82617865
2022-11-16,96.85,98.4879,95.54,97.12,87958828
2022-11-15,103.21,103.79,97.34,98.94,111336317
2022-11-14,98.77,100.1199,97.29,98.49,99533072
2022-11-11,97.88,101.19,96.66,100.79,111590544
2022-11-10,92.935,98.69,91.65,96.63,173414862
2022-11-09,89.47,89.48,85.87,86.14,90796249
2022-11-08,90.79,91.72,88.23,89.98,88703370
2022-11-07,91.95,92.1,89.04,90.53,77495728
2022-11-04,91.49,92.44,88.04,90.98,129101336
2022-11-03,92.47,93.5,89.02,89.3,136683303
2022-11-02,97.315,97.74,92.01,92.12,135761798
2022-11-01,103.99,104.58,96.06,96.79,153370032
2022-10-31,103.56,104.87,100.74,102.44,99251395
2022-10-28,97.905,103.96,97.66,103.41,223133398
2022-10-27,113.92,114.12,109.77,110.96,129605362
2022-10-26,116.0,119.3457,114.76,115.66,69002457
2022-10-25,119.65,121.3152,118.95,120.6,50934609
2022-10-24,119.98,120.39,116.57,119.82,49531523
2022-10-21,114.792,119.59,114.5,119.32,55660485
2022-10-20,113.83,118.24,113.51,115.25,48795104
2022-10-19,114.71,116.5932,113.22,115.07,47198122
2022-10-18,119.06,119.52,114.79,116.36,65607448
2022-10-17,110.11,114.19,110.09,113.79,62781985
2022-10-14,114.1,114.96,106.6,106.9,67737344
2022-10-13,107.88,113.44,105.345,112.53,86868103
2022-10-12,112.49,113.83,111.4,112.9,45728660
2022-10-11,112.71,115.48,110.39,112.21,56432233
2022-10-10,115.1,116.25,112.43,113.67,42339675
2022-10-07,118.0,118.17,113.88,114.56,54677980
2022-10-06,120.77,121.53,119.5,120.3,42253755
2022-10-05,118.58,121.75,117.69,120.95,48217535
2022-10-04,119.89,123.0,119.79,121.09,62812564
2022-10-03,113.58,116.91,112.45,115.88,50941854
2022-09-30,114.075,116.92,112.84,113.0,59479586
2022-09-29,115.6,116.07,113.06,114.8,58969714
2022-09-28,114.38,118.7,113.8,118.01,55763750
2022-09-27,117.195,118.32,113.05,114.41,60094693
2022-09-26,113.295,117.34,113.13,115.15,62723268
2022-09-23,116.0,116.05,112.06,113.78,65126665
2022-09-22,117.08,118.79,116.26,117.31,55229190
2022-09-21,122.49,123.76,118.45,118.54,58498887
2022-09-20,123.35,124.3963,121.14,122.19,47698432
2022-09-19,122.16,124.71,121.8,124.66,47279727
2022-09-16,122.78,123.87,120.7,123.53,115667804
2022-09-15,127.38,130.37,125.495,126.28,52887196
2022-09-14,127.364,128.84,126.33,128.55,45316772
2022-09-13,131.01,131.4,126.27,126.82,72694010
2022-09-12,134.095,136.49,134.0,136.45,53826859
2022-09-09,130.91,133.69,130.76,133.27,49422259
2022-09-08,127.72,130.28,127.1,129.82,43988509
2022-09-07,126.12,129.82,125.4,129.48,47834487
2022-09-06,127.92,128.62,124.74,126.11,43888587
2022-09-02,129.5,131.38,126.39,127.51,57429829
2022-09-01,126.0,128.02,123.66,127.82,56636145
2022-08-31,129.45,130.59,126.74,126.77,53648702
2022-08-30,131.25,132.0745,126.85,128.73,49202990
2022-08-29,129.9,131.9499,128.77,129.79,48101638
2022-08-26,136.55,137.83,130.5,130.75,53322663
2022-08-25,135.26,137.42,134.28,137.28,37496283
2022-08-24,132.75,135.47,132.1,133.8,38626978
2022-08-23,133.41,134.99,132.95,133.62,36252103
2022-08-22,135.72,136.32,132.85,133.22,50461504
2022-08-19,140.47,141.11,137.9142,138.23,47792843
2022-08-18,141.32,142.77,140.38,142.3,37458737
2022-08-17,142.69,143.38,140.78,142.1,48149778
2022-08-16,143.905,146.57,142.0,144.78,59102859
2022-08-15,142.8,143.76,141.49,143.18,39014583
2022-08-12,142.05,143.57,140.1201,143.55,47643484
2022-08-11,143.86,144.49,139.76,140.64,44867336
2022-08-10,142.9,144.6,141.01,142.69,54773819
2022-08-09,138.052,138.9523,136.21,137.83,40434715
2022-08-08,142.05,144.23,138.29,139.41,52303475
2022-08-05,140.1,142.86,139.6,140.8,50686865
2022-08-04,140.58,143.56,139.55,142.57,70585020
2022-08-03,136.21,140.49,136.05,139.52,71827780
2022-08-02,134.72,137.44,134.09,134.16,61922429
2022-08-01,134.96,138.8339,133.51,135.39,76846908
2022-07-29,134.9,137.65,132.41,134.95,148892889
2022-07-28,121.57,122.84,118.08,122.28,82245543
2022-07-27,117.31,121.9,117.16,120.97,61582015
2022-07-26,115.79,118.15,114.53,114.81,67075064
2022-07-25,122.695,123.64,120.03,121.14,50221259
2022-07-22,125.01,125.5,121.3504,122.42,51463797
2022-07-21,123.2,124.85,121.26,124.63,60239892
2022-07-20,118.615,123.475,118.32,122.77,71268322
2022-07-19,115.7,118.95,114.03,118.21,60990043
2022-07-18,115.0,117.24,113.15,113.76,59115419
2022-07-15,112.5,115.59,111.59,113.55,84317816
2022-07-14,110.24,111.18,107.58,110.63,51163140
2022-07-13,107.03,111.78,106.01,110.4,61353812
2022-07-12,112.16,113.23,108.34,109.22,54280257
2022-07-11,114.08,114.3,110.87,111.75,53540019
2022-07-08,114.6,116.58,113.69,115.54,45719694
2022-07-07,113.85,116.99,113.49,116.33,57872323
2022-07-06,113.21,115.48,112.01,114.33,66958884
2022-07-05,107.6,114.08,106.3242,113.5,76684414
2022-07-01,106.29,109.75,105.8469,109.56,73021171
2022-06-30,108.11,108.18,102.52,106.21,97679401
2022-06-29,107.38,110.99,106.91,108.92,66375341
2022-06-28,113.5,114.85,107.04,107.4,75172028
2022-06-27,117.09,117.98,112.7,113.22,62133240
2022-06-24,112.38,116.71,111.43,116.46,69867618
2022-06-23,110.39,113.0,107.93,112.44,64345300
2022-06-22,107.43,112.13,107.02,108.95,60040131
2022-06-21,108.2,111.6299,103.56,108.68,70901245
2022-06-17,102.8,106.98,102.51,106.22,99772147
2022-06-16,104.47,104.58,102.01,103.66,82186301
2022-06-15,103.86,109.06,103.53,107.67,85011060
2022-06-14,104.19,104.88,101.43,102.31,69728761
2022-06-13,104.19,106.54,101.86,103.67,99277742
2022-06-10,113.415,114.5,109.05,109.65,87412245
2022-06-09,119.99,121.3,116.1,116.15,67029842
2022-06-08,122.61,123.75,120.75,121.18,64926594
2022-06-07,122.005,124.1,120.63,123.0,85156712
2022-06-06,125.245,128.99,123.81,124.79,135269024
2022-06-03,124.2,124.4,121.046,122.35,97603320
2022-06-02,121.684,125.61,120.045,125.511,100560680
2022-06-01,122.256,125.179,120.622,121.684,127528980
2022-05-31,116.28,121.994,115.675,120.21,144634160
2022-05-27,113.55,115.187,112.628,115.146,93660160
2022-05-26,107.97,112.665,107.454,111.078,93002600
2022-05-25,103.656,108.175,103.65,106.775,93120100
2022-05-24,104.025,105.4,101.26,104.1,102934680
2022-05-23,108.461,108.819,103.95,107.557,107797360
2022-05-20,109.568,109.898,105.009,107.591,99500640
2022-05-19,106.28,110.034,106.193,107.319,88142540
2022-05-18,111.44,112.853,106.249,107.112,108379180
2022-05-17,113.275,115.8,111.277,115.368,76447740
2022-05-16,113.1,113.992,110.354,110.81,74565740
2022-05-13,109.069,113.184,107.8,113.055,93684560
2022-05-12,102.75,110.781,102.406,106.931,132025140
2022-05-11,108.104,110.156,104.429,105.372,109703640
2022-05-10,111.25,112.642,107.171,108.859,105433820
2022-05-09,111.312,114.0,107.957,108.789,128124380
2022-05-06,114.85,119.051,113.081,114.772,124259900
2022-05-05,123.0,123.499,115.072,116.407,144391220
2022-05-04,123.6,126.0,119.183,125.929,110745360
2022-05-03,124.054,126.22,122.825,124.254,79133360
2022-05-02,122.401,124.668,118.375,124.5,148788980
2022-04-29,129.849,130.761,121.625,124.282,272661720
2022-04-28,142.178,145.938,140.3,144.596,117316940
2022-04-27,140.192,141.948,135.784,138.167,71336300
2022-04-26,144.8,144.856,138.93,139.391,77529160
2022-04-25,144.023,146.222,142.307,146.074,61874980
2022-04-22,148.25,149.615,143.698,144.35,73078580
2022-04-21,154.714,156.738,147.59,148.296,63969320
2022-04-20,157.603,157.603,153.604,153.998,59630020
2022-04-19,152.03,158.649,151.55,158.116,54926420
2022-04-18,151.523,154.04,150.251,152.785,46513520
2022-04-14,155.39,155.897,151.472,151.706,51598140
2022-04-13,150.018,156.025,149.6,155.541,53390880
2022-04-12,153.692,155.099,150.383,150.788,55177440
2022-04-11,152.713,154.136,150.534,151.122,52112340
2022-04-08,156.75,157.368,154.231,154.46,46001660
2022-04-07,158.4,160.079,154.512,157.784,68136780
2022-04-06,161.651,162.2,157.254,158.756,79055760
2022-04-05,167.742,168.11,163.266,164.055,53728560
2022-04-04,164.125,168.394,163.206,168.346,50007960
2022-04-01,164.15,165.827,162.32,163.56,57089500
2022-03-31,166.445,166.495,162.954,162.998,59965780
2022-03-30,168.51,168.95,165.5,166.301,56167260
2022-03-29,170.384,170.832,167.868,169.315,66153600
2022-03-28,164.975,169.038,164.9,168.99,59853820
2022-03-25,164.0,165.368,162.25,164.773,49085500
2022-03-24,163.749,164.118,160.05,163.65,56798060
2022-03-23,163.705,166.37,162.687,163.408,55811860
2022-03-22,161.806,166.167,161.699,164.889,64086120
2022-03-21,161.121,163.084,159.553,161.492,66537520
2022-03-18,156.813,161.594,156.011,161.251,102962760
2022-03-17,152.64,157.498,152.14,157.239,72934840
2022-03-16,148.5,153.15,147.354,153.104,84957680
2022-03-15,142.85,147.985,142.0,147.366,75584600
2022-03-14,145.981,147.45,140.884,141.853,74086100
2022-03-11,149.574,149.675,145.369,145.524,68900560
2022-03-10,145.685,148.674,143.978,146.818,135062900
2022-03-09,139.5,140.25,136.828,139.279,82656660
2022-03-08,136.684,140.7,133.572,136.014,91662580
2022-03-07,145.444,146.094,137.416,137.453,86933860
2022-03-04,147.159,147.85,143.807,145.641,60983120
2022-03-03,153.532,153.929,146.856,147.898,65197200
2022-03-02,150.908,152.999,148.75,152.052,47334720
2022-03-01,152.733,154.099,149.977,151.142,44873580
2022-02-28,152.425,154.45,150.85,153.563,57683420
2022-02-25,150.55,153.99,149.214,153.788,62395360
2022-02-24,139.838,151.749,139.5,151.358,100785760
2022-02-23,151.651,151.763,144.651,144.827,64243560
2022-02-22,150.478,152.983,148.486,150.198,66128240
2022-02-18,155.499,155.499,150.893,152.602,63604100
2022-02-17,158.146,160.349,154.5,154.652,64032500
2022-02-16,155.79,158.834,154.734,158.1,52704280
2022-02-15,157.606,158.007,154.638,156.51,56970660
2022-02-14,151.751,158.448,151.65,155.167,83230700
2022-02-11,158.135,159.0,152.734,153.294,77100440
2022-02-10,158.35,160.716,157.75,159.004,68268120
2022-02-09,162.873,163.834,160.25,161.19,68785600
2022-02-08,156.751,161.792,155.55,161.414,76040360
2022-02-07,158.52,162.691,157.25,157.936,102624380
2022-02-04,155.606,161.2,150.608,157.64,253455860
2022-02-03,141.738,144.248,138.333,138.846,225531360
2022-02-02,155.05,155.075,148.864,150.612,87329760
2022-02-01,150.0,151.708,147.628,151.194,59219840
2022-01-31,144.75,150.36,144.301,149.574,78307440
2022-01-28,140.86,143.998,137.929,143.978,74391980
2022-01-27,140.8,144.243,139.35,139.638,77515800
2022-01-26,144.75,145.185,137.318,138.872,95601700
2022-01-25,142.242,143.6,138.145,139.986,90824660
2022-01-24,139.0,144.945,135.352,144.544,156044740
2022-01-21,149.95,150.9,142.07,142.643,163971440
2022-01-20,156.766,158.0,151.351,151.668,71973320
2022-01-19,158.762,159.25,156.25,156.299,53241920
2022-01-18,159.105,159.734,157.664,158.918,67441440
2022-01-14,160.15,162.25,159.8,162.138,45974860
2022-01-13,165.251,166.221,161.091,161.214,52188300
2022-01-12,166.575,166.878,164.417,165.207,50029120
2022-01-11,161.5,166.35,160.702,165.362,62805580
2022-01-10,160.586,161.662,156.305,161.486,87798300
2022-01-07,163.839,165.243,162.031,162.554,46605900
2022-01-06,163.45,164.8,161.937,163.254,51957780
2022-01-05,166.883,167.126,164.357,164.357,64302720
2022-01-04,170.438,171.4,166.349,167.522,70725160
2022-01-03,167.55,170.704,166.16,170.404,63869140
2021-12-31,168.956,169.35,166.558,166.717,47830380
2021-12-30,169.7,170.888,168.524,168.644,37583100
2021-12-29,170.84,171.212,168.601,169.201,35754040
2021-12-28,170.182,172.176,169.136,170.661,54711860
2021-12-27,171.037,172.943,169.216,169.67,58846820
2021-12-23,170.428,171.975,170.15,171.068,36788240
2021-12-22,169.27,172.05,168.501,171.037,55035460
2021-12-21,167.85,170.716,165.647,170.417,55955820
2021-12-20,166.85,167.874,165.6,167.079,57372660
2021-12-17,167.71,170.898,165.614,170.017,85755160
2021-12-16,173.369,174.166,168.16,168.871,60876840
2021-12-15,168.598,173.6,165.195,173.315,75794260
2021-12-14,167.55,169.499,166.44,169.092,55975280
2021-12-13,172.0,172.1,169.13,169.568,62169000
2021-12-10,175.417,175.927,170.5,172.212,60689760
2021-12-09,175.75,176.969,174.14,174.171,46061820
2021-12-08,176.151,177.18,174.751,176.158,45253660
2021-12-07,174.6,177.499,173.334,176.164,66410720
2021-12-06,169.65,173.695,166.934,171.368,68860000
2021-12-03,172.75,173.493,166.93,169.49,80711000
2021-12-02,173.0,174.635,171.188,171.868,64725760
2021-12-01,177.25,177.994,172.08,172.186,75139900
2021-11-30,178.175,179.288,174.6,175.354,80022140
2021-11-29,177.382,179.8,176.575,178.079,65311140
2021-11-26,180.105,181.675,175.208,175.228,59825940
2021-11-24,178.134,180.682,176.842,179.02,46560360
2021-11-23,179.252,181.052,176.386,179.002,73844920
2021-11-22,183.819,185.673,178.375,178.628,96957000
2021-11-19,185.634,188.107,183.786,183.829,98924060
2021-11-18,178.318,185.21,178.05,184.803,114070760
2021-11-17,178.236,179.362,177.267,177.45,51205400
2021-11-16,176.95,178.825,176.257,177.035,44341420
2021-11-15,176.85,179.694,176.29,177.284,58594380
2021-11-12,174.25,177.036,172.353,176.258,53788680
2021-11-11,175.65,177.162,173.373,173.625,45288120
2021-11-10,178.194,180.272,173.154,174.103,80548440
2021-11-09,175.762,179.688,175.071,178.812,85898440
2021-11-08,176.162,178.95,174.393,174.449,61479840
2021-11-05,173.85,178.312,173.849,175.95,99939020
2021-11-04,168.5,174.931,168.25,173.85,107060400
2021-11-03,165.45,169.746,164.876,169.2,67943780
2021-11-02,165.751,166.556,164.178,165.638,52551800
2021-11-01,168.09,168.793,164.601,165.906,72177580
2021-10-29,165.001,168.741,163.666,168.622,129721540
2021-10-28,170.105,173.95,169.3,172.329,114174660
2021-10-27,169.4,171.85,168.573,169.624,54044480
2021-10-26,167.476,170.806,167.199,168.804,53966840
2021-10-25,166.75,167.39,164.885,166.018,44519120
2021-10-22,171.05,171.492,166.565,166.778,62781060
2021-10-21,170.712,172.014,170.15,171.751,37627700
2021-10-20,172.633,173.143,170.018,170.753,42795540
2021-10-19,171.714,172.734,171.1,172.208,47721580
2021-10-18,169.418,172.459,169.255,172.337,63482300
2021-10-15,165.571,170.521,165.2,170.451,103598820
2021-10-14,165.123,165.63,164.539,164.993,42240400
2021-10-13,163.486,164.419,163.054,164.214,48501720
2021-10-12,162.85,163.376,161.814,162.366,36391420
2021-10-11,163.75,164.629,161.905,162.315,40684060
2021-10-08,165.85,166.072,164.41,164.431,39964340
2021-10-07,164.577,166.287,164.153,165.122,48181500
2021-10-06,160.676,163.217,159.931,163.1,50659540
2021-10-05,160.225,163.036,160.123,161.05,65384160
2021-10-04,163.969,163.999,158.812,159.489,90461140
2021-10-01,164.45,165.459,162.797,164.163,56712340
2021-09-30,165.8,166.392,163.7,164.252,56940660
2021-09-29,166.106,167.565,164.894,165.056,51245360
2021-09-28,167.886,168.46,164.505,165.798,88616380
2021-09-27,168.575,170.778,166.98,170.29,72689000
2021-09-24,170.1,171.463,169.67,171.276,42324820
2021-09-23,169.002,171.448,169.002,170.8,47588280
2021-09-22,167.55,169.45,167.052,169.002,48228060
2021-09-21,168.75,168.985,166.62,167.182,55617560
2021-09-20,169.8,170.95,165.251,167.786,93382600
2021-09-17,174.421,174.87,172.606,173.126,92331120
2021-09-16,172.998,174.628,172.307,174.412,51671960
2021-09-15,172.126,174.271,170.1,173.79,59150740
2021-09-14,173.778,174.34,171.886,172.5,38737940
2021-09-13,174.14,174.898,171.9,172.858,51380440
2021-09-10,175.092,175.422,173.145,173.458,47945380
2021-09-09,176.301,177.499,174.018,174.208,54384820
2021-09-08,175.582,177.282,174.784,176.275,61067280
2021-09-07,173.9,176.404,173.847,175.464,54823680
2021-09-03,172.6,174.134,171.822,173.902,51566480
2021-09-02,174.738,175.598,172.75,173.156,58511880
2021-09-01,174.82,176.35,173.762,173.95,72598220
2021-08-31,171.24,173.629,169.78,173.54,87128260
2021-08-30,167.871,172.25,167.761,171.079,63844880
2021-08-27,166.662,167.616,165.688,167.482,48047380
2021-08-26,164.95,166.6,164.8,165.8,41975220
2021-08-25,165.493,166.05,164.308,164.959,33606120
2021-08-24,164.0,165.775,163.729,165.289,51036820
2021-08-23,160.595,164.045,160.5,163.294,65362620
2021-08-20,160.194,160.39,158.788,159.998,67168560
2021-08-19,159.701,161.65,159.123,159.388,75657240
2021-08-18,162.099,162.705,160.0,160.061,56086220
2021-08-17,163.875,164.024,161.284,162.098,67758440
2021-08-16,164.15,165.0,160.556,164.95,66569880
2021-08-13,165.284,165.303,164.15,164.698,41133980
2021-08-12,164.5,165.726,163.484,165.175,46476460
2021-08-11,166.572,166.885,163.89,164.606,58944980
2021-08-10,167.251,167.9,165.75,166.034,48251020
2021-08-09,167.18,167.744,166.426,167.094,42964400
2021-08-06,168.75,168.75,166.452,167.247,52752880
2021-08-05,167.811,169.45,167.046,168.8,48670060
2021-08-04,168.968,169.444,167.278,167.736,43678900
2021-08-03,167.036,169.55,164.988,168.312,83146860
2021-08-02,167.655,167.946,165.85,166.574,67078300
2021-07-30,167.397,168.407,165.349,166.38,199311860
2021-07-29,181.388,181.897,179.001,179.996,110399040
2021-07-28,181.689,182.921,180.05,181.516,59987560
2021-07-27,184.925,184.925,179.308,181.32,82637800
2021-07-26,183.658,185.604,182.362,184.991,58001360
2021-07-23,182.0,183.306,181.102,182.832,48725840
2021-07-22,179.362,182.001,179.114,181.902,65307040
2021-07-21,178.819,179.322,177.182,179.26,46379780
2021-07-20,178.366,179.6,175.9,178.66,65113600
2021-07-19,176.629,177.51,174.958,177.48,75691900
2021-07-16,181.666,182.303,178.523,178.682,80874120
2021-07-15,184.71,184.77,181.046,181.56,63705840
2021-07-14,185.442,185.883,183.041,184.084,65931360
2021-07-13,185.105,188.654,183.566,183.868,76918340
2021-07-12,187.2,187.864,184.84,185.928,51432700
2021-07-09,186.126,187.4,184.67,185.967,74964740
2021-07-08,182.178,187.999,181.056,186.57,103612460
2021-07-07,185.869,186.71,183.945,184.829,106561240
2021-07-06,176.506,184.274,176.45,183.787,134895360
2021-07-02,172.582,175.586,171.846,175.549,63533940
2021-07-01,171.73,172.85,170.471,171.648,40741060
2021-06-30,172.053,173.58,171.75,172.008,48079840
2021-06-29,171.941,172.802,171.152,172.407,41968780
2021-06-28,170.8,172.4,170.675,172.194,44855860
2021-06-25,173.2,173.241,169.709,170.073,78819940
2021-06-24,175.382,176.243,171.542,172.454,76639980
2021-06-23,175.25,176.05,174.16,175.191,56266820
2021-06-22,172.903,176.189,172.805,175.272,66901640
2021-06-21,173.821,174.1,171.7,172.698,65542600
2021-06-18,173.999,175.35,173.686,174.345,104954740
2021-06-17,170.159,174.86,170.05,174.462,102730620
2021-06-16,169.6,171.318,168.026,170.762,84055640
2021-06-15,169.2,169.849,168.156,169.156,48524000
2021-06-14,167.342,169.25,166.775,169.194,51393100
2021-06-11,167.483,168.329,166.672,167.342,56347040
2021-06-10,164.1,167.55,164.058,167.483,69529600
2021-06-09,163.644,164.879,163.535,164.058,49110600
2021-06-08,161.13,163.977,160.901,163.206,68334600
2021-06-07,159.866,160.4,158.61,159.901,44315120
2021-06-04,160.6,161.05,159.94,160.311,44994980
2021-06-03,160.212,160.722,159.202,159.35,47965860
2021-06-02,161.155,161.75,160.4,161.7,40290480
2021-06-01,162.175,162.549,160.453,160.932,48600900
2021-05-28,162.1,162.4,160.985,161.154,46630180
2021-05-27,162.8,163.018,161.502,161.506,51223140
2021-05-26,163.73,164.786,162.926,163.258,47679720
2021-05-25,163.334,163.991,160.688,162.953,65222180
2021-05-24,160.775,162.897,160.525,162.249,48456260
2021-05-21,162.5,162.835,159.85,160.154,82097640
2021-05-20,162.22,162.984,161.809,162.384,52663840
2021-05-19,159.75,161.738,159.2,161.59,53594160
2021-05-18,164.629,165.6,161.518,161.614,56567820
2021-05-17,162.296,164.638,161.73,163.52,74478500
2021-05-14,159.278,161.443,159.15,161.145,66500440
2021-05-13,159.273,160.192,156.65,158.074,67137540
2021-05-12,159.25,160.397,156.655,157.597,98728200
2021-05-11,156.814,161.9,156.368,161.195,92395620
2021-05-10,164.116,164.15,159.5,159.524,116772060
2021-05-07,165.954,166.544,164.454,164.58,94205520
2021-05-06,163.5,165.72,162.36,165.318,88953920
2021-05-05,166.943,167.735,163.218,163.527,74226160
2021-05-04,167.81,168.399,163.606,165.594,108788980
2021-05-03,174.236,174.332,168.635,169.324,117510600
2021-04-30,176.256,177.7,173.125,173.371,140186920
2021-04-29,175.255,175.722,171.75,173.566,153647620
2021-04-28,171.74,174.494,171.25,172.925,92637680
2021-04-27,172.174,173.0,169.901,170.872,76542800
2021-04-26,167.4,171.422,166.547,170.45,97614160
2021-04-23,165.955,168.75,165.425,167.044,63933040
2021-04-22,168.584,168.644,165.072,165.452,51611800
2021-04-21,165.8,168.143,165.19,168.101,44223320
2021-04-20,168.68,169.15,165.8,166.734,52460640
2021-04-19,169.516,171.797,168.008,168.6,54508100
2021-04-16,169.0,170.34,167.78,169.972,63720980
2021-04-15,168.55,169.85,167.6,168.954,64671600
2021-04-14,170.202,170.206,166.3,166.65,62904080
2021-04-13,170.042,171.6,169.782,170.0,66316740
2021-04-12,167.76,169.752,167.558,168.969,65635960
2021-04-09,165.235,168.61,164.445,168.61,86829460
2021-04-08,165.545,166.225,164.6,164.965,56241800
2021-04-07,161.69,165.181,161.182,163.969,66924540
2021-04-06,161.188,162.366,160.852,161.191,50756180
2021-04-05,158.65,161.798,158.062,161.336,66697640
2021-04-01,155.897,158.122,155.778,158.05,58806360
2021-03-31,153.203,155.966,153.125,154.704,61877920
2021-03-30,153.501,153.65,151.7,152.764,46752060
2021-03-29,152.772,154.562,151.422,153.786,54919360
2021-03-26,152.203,152.833,149.8,152.602,66258480
2021-03-25,153.65,155.489,151.857,152.313,71269380
2021-03-24,157.552,158.016,154.258,154.354,59179620
2021-03-23,156.35,159.1,156.043,156.875,76345260
2021-03-22,153.392,156.329,153.002,155.544,58043580
2021-03-19,151.462,153.864,150.832,153.748,92507080
2021-03-18,155.05,155.832,151.25,151.4,73140540
2021-03-17,153.661,158.652,153.511,156.786,62371680
2021-03-16,155.248,156.445,153.793,154.593,50775280
2021-03-15,153.728,154.112,151.604,154.084,58371840
2021-03-12,153.75,154.949,152.275,154.474,48437760
2021-03-11,155.2,156.589,154.146,155.68,55527820
2021-03-10,154.922,155.823,151.502,152.882,60249780
2021-03-09,150.9,154.548,150.257,153.142,80600640
2021-03-08,150.75,153.23,147.566,147.598,83700160
2021-03-05,150.25,150.45,144.05,150.023,107771020
2021-03-04,150.6,152.906,147.272,148.878,109631560
2021-03-03,154.059,155.389,149.75,150.25,79774500
2021-03-02,157.174,158.176,154.356,154.727,51915240
2021-03-01,156.394,157.478,154.9,157.307,54679260
2021-02-26,154.76,156.122,151.835,154.646,85518600
2021-02-25,156.837,158.913,152.388,152.858,90676020
2021-02-24,158.338,158.562,156.269,157.977,60225500
2021-02-23,156.551,160.236,154.68,159.725,93348020
2021-02-22,160.406,161.616,158.613,159.037,70313580
2021-02-19,166.412,166.675,162.288,162.495,86103680
2021-02-18,164.121,166.9,163.697,166.412,60672140
2021-02-17,163.18,166.046,162.975,165.432,66041980
2021-02-16,162.703,165.415,162.68,163.448,51494420
2021-02-12,162.5,164.012,161.666,163.886,46706780
2021-02-11,164.6,164.6,162.403,163.106,46028340
2021-02-10,165.7,165.898,162.7,164.329,63031000
2021-02-09,165.624,166.9,164.892,165.25,44070520
2021-02-08,167.925,168.25,165.2,166.147,65147820
2021-02-05,165.95,168.85,165.136,167.608,72416160
2021-02-04,166.5,167.35,163.888,166.55,73413220
2021-02-03,171.251,171.7,165.431,165.627,141775620
2021-02-02,169.0,171.387,168.056,169.0,141972740
2021-02-01,162.118,167.513,161.751,167.144,83204240
2021-01-29,161.5,161.849,159.228,160.31,85871120
2021-01-28,161.752,165.084,161.434,161.881,62984560
2021-01-27,167.074,167.326,160.354,161.629,93203160
2021-01-26,164.818,166.9,164.144,166.306,59104700
2021-01-25,166.425,168.194,162.157,164.7,74995160
2021-01-22,165.216,166.096,164.158,164.612,56438280
2021-01-21,164.65,167.428,164.478,165.349,98901020
2021-01-20,159.099,163.99,158.75,163.169,106196700
2021-01-19,155.35,157.25,154.8,156.038,66102840
2021-01-15,156.151,157.127,154.758,155.212,84879900
2021-01-14,158.376,158.9,156.03,156.373,61418380
2021-01-13,156.422,159.498,156.104,158.294,66424880
2021-01-12,156.0,157.107,154.3,156.041,70291640
2021-01-11,157.401,157.819,155.5,155.71,73381900
2021-01-08,159.0,159.532,157.11,159.135,70754880
2021-01-07,157.85,160.427,157.75,158.108,70290900
2021-01-06,157.324,159.875,156.558,156.919,87896300
2021-01-05,158.3,161.169,158.253,160.926,53110960
2021-01-04,163.5,163.6,157.201,159.332,88228980
2020-12-31,163.75,164.146,162.06,162.846,59144120
2020-12-30,167.05,167.105,164.123,164.292,64186200
2020-12-29,165.497,167.532,164.061,166.1,97458660
2020-12-28,159.7,165.2,158.634,164.198,113735740
2020-12-24,159.695,160.1,158.45,158.634,29038340
2020-12-23,160.25,160.507,159.209,159.264,41875740
2020-12-22,160.142,161.1,159.004,160.326,47635620
2020-12-21,160.001,161.348,158.3,160.309,76736920
2020-12-18,162.2,162.471,158.58,160.082,119914260
2020-12-17,162.5,163.176,161.05,161.804,69486940
2020-12-16,158.8,162.35,158.184,162.048,88552320
2020-12-15,159.05,159.425,156.524,158.256,66473720
2020-12-14,157.15,159.523,156.3,157.848,83115880
2020-12-11,154.833,155.934,153.641,155.821,61293900
2020-12-10,154.45,157.105,153.8,155.074,60603580
2020-12-09,158.394,158.722,154.4,155.21,81925180
2020-12-08,157.945,159.206,156.001,158.864,65580980
2020-12-07,157.824,159.038,157.084,157.9,54917500
2020-12-04,158.129,159.91,157.938,158.129,58272220
2020-12-03,160.273,161.432,159.066,159.336,57840780
2020-12-02,161.082,161.6,158.663,160.176,62586080
2020-12-01,159.425,162.448,157.859,161.004,90887640
2020-11-30,160.424,161.42,156.278,158.402,81278320
2020-11-27,160.563,160.81,159.502,159.767,47857340
2020-11-25,157.094,159.9,157.013,159.254,75808060
2020-11-24,155.025,156.712,154.313,155.903,72042040
2020-11-23,155.835,156.987,153.273,154.92,94177740
2020-11-20,155.851,156.644,154.902,154.97,67602760
2020-11-19,155.266,156.25,154.046,155.851,60205400
2020-11-18,156.7,157.0,155.255,155.273,58336720
2020-11-17,159.177,159.462,156.763,156.783,68894700
2020-11-16,154.66,157.135,153.634,156.553,76173520
2020-11-13,156.1,157.086,154.27,156.44,75251740
2020-11-12,157.998,158.794,154.302,155.514,87424160
2020-11-11,153.089,156.957,152.5,156.87,87338460
2020-11-10,154.751,155.7,150.974,151.751,131819120
2020-11-09,161.552,164.45,155.605,157.187,143808120
2020-11-06,165.232,166.1,161.6,165.568,92946600
2020-11-05,165.998,168.34,164.444,166.1,115785700
2020-11-04,157.999,162.242,156.986,162.058,136780820
2020-11-03,150.926,153.745,149.049,152.42,97957600
2020-11-02,153.087,153.985,147.506,150.224,145147000
2020-10-30,157.888,158.35,150.95,151.808,167921620
2020-10-29,160.064,162.862,158.2,160.55,131930580
2020-10-28,162.465,163.201,158.123,158.139,111766600
2020-10-27,161.247,164.583,160.565,164.316,85820940
2020-10-26,159.937,164.149,157.665,160.352,118023020
2020-10-23,159.55,160.266,157.0,160.22,69333740
2020-10-22,159.493,159.938,156.097,158.82,84240100
2020-10-21,160.625,161.694,158.0,159.247,91854720
2020-10-20,161.114,163.3,159.6,160.85,90193560
2020-10-19,164.98,166.45,159.637,160.36,104472520
2020-10-16,168.162,169.983,158.0,163.636,129487060
2020-10-15,164.6,167.794,164.0,166.932,104468960
2020-10-14,172.35,173.244,167.0,168.186,116578320
2020-10-13,173.4,174.619,171.211,172.182,114893940
2020-10-12,167.497,174.812,166.978,172.146,167283960
2020-10-09,160.5,164.45,159.892,164.332,98157420
2020-10-08,161.249,161.665,158.749,159.528,63482280
2020-10-07,156.75,160.0,156.619,159.784,86188780
2020-10-06,158.25,159.1,154.5,154.998,101737140
2020-10-05,157.292,160.127,157.042,159.96,75506640
2020-10-02,157.682,159.79,156.15,156.25,112261960
2020-10-01,160.4,161.2,158.6,161.063,99438440
2020-09-30,157.057,160.644,156.7,157.436,97922020
2020-09-29,158.77,159.413,156.627,157.244,70067960
2020-09-28,157.442,158.752,155.858,158.703,84483300
2020-09-25,152.743,155.077,149.95,154.757,92304040
2020-09-24,148.89,153.465,148.25,150.99,110587840
2020-09-23,156.022,156.35,149.619,149.993,113053300
2020-09-22,151.692,156.7,150.01,156.45,138976320
2020-09-21,145.325,148.1,143.55,148.023,122358500
2020-09-18,151.587,151.89,145.277,147.746,177851600
2020-09-17,150.462,151.472,148.628,150.436,128981000
2020-09-16,158.999,159.362,153.708,153.905,90623780
2020-09-15,156.808,158.751,155.446,157.806,80430700
2020-09-14,158.647,159.37,154.8,155.148,90591920
2020-09-11,160.434,160.867,154.199,155.811,101879640
2020-09-10,165.361,167.494,158.528,158.756,106614820
2020-09-09,160.15,165.159,159.25,163.43,103773500
2020-09-08,157.2,162.542,156.5,157.492,121884100
2020-09-04,165.9,169.075,155.556,164.731,175635080
2020-09-03,174.25,174.42,165.15,168.4,163222260
2020-09-02,177.35,177.612,174.334,176.572,78629520
2020-09-01,174.479,175.694,173.35,174.956,69528140
2020-08-31,170.45,174.75,170.25,172.548,83717700
2020-08-28,171.15,171.668,169.325,170.09,57939560
2020-08-27,172.502,172.65,168.9,170.0,85295900
2020-08-26,167.556,172.587,167.228,172.092,130174860
2020-08-25,164.749,167.87,163.35,167.324,79856840
2020-08-24,165.508,169.016,162.878,165.373,93325160
2020-08-21,164.75,165.72,163.77,164.236,71517240
2020-08-20,162.6,165.631,161.9,164.868,66649560
2020-08-19,165.151,165.795,162.8,163.024,83702740
2020-08-18,160.6,166.0,160.291,165.624,106919480
2020-08-17,158.656,159.748,157.709,159.12,53824740
2020-08-14,158.909,158.912,156.0,157.401,55034460
2020-08-13,159.15,160.876,157.75,158.051,62980860
2020-08-12,155.4,158.719,155.071,158.112,70544580
2020-08-11,155.66,157.961,153.65,154.034,74361140
2020-08-10,158.516,158.626,155.076,157.408,63345480
2020-08-07,161.2,162.04,157.034,158.373,78722540
2020-08-06,159.718,162.373,158.272,161.25,78812040
2020-08-05,157.188,160.679,156.365,160.252,78600500
2020-08-04,155.06,158.362,155.06,156.942,93885880
2020-08-03,159.026,159.2,155.2,155.594,101493260
2020-07-31,162.2,162.341,157.55,158.234,161667380
2020-07-30,150.7,154.6,150.25,152.594,122565300
2020-07-29,151.55,151.958,149.838,151.676,59481200
2020-07-28,152.714,153.855,149.788,150.016,62533020
2020-07-27,153.1,154.9,150.788,152.76,83409840
2020-07-24,146.5,151.579,144.4,150.445,112648260
2020-07-23,154.914,154.914,148.5,149.328,113138120
2020-07-22,156.25,157.5,153.263,154.996,82084500
2020-07-21,161.624,162.029,155.286,156.914,122699300
2020-07-20,150.01,160.068,149.701,159.842,151963520
2020-07-17,150.45,151.2,147.422,148.098,95226380
2020-07-16,148.553,151.6,145.912,149.995,127884920
2020-07-15,154.012,154.918,148.659,150.444,115777480
2020-07-14,154.45,156.369,147.5,154.2,144638660
2020-07-13,162.553,167.214,153.42,155.2,154408400
2020-07-10,159.588,160.75,156.785,160.0,109719640
2020-07-09,155.8,159.694,153.7,159.132,127773180
2020-07-08,151.13,154.198,150.622,154.056,100752700
2020-07-07,152.928,153.478,149.5,150.006,105150280
2020-07-06,146.748,152.994,146.5,152.852,137612840
2020-07-02,145.6,147.778,143.555,144.515,131867740
2020-07-01,137.9,144.75,137.7,143.935,127268780
2020-06-30,134.253,138.482,133.752,137.941,75393720
2020-06-29,134.501,134.84,131.504,134.019,84468440
2020-06-26,138.753,139.128,134.4,134.644,130015680
2020-06-25,136.978,137.812,135.607,137.729,59373140
2020-06-24,139.0,139.8,136.05,136.72,90532100
2020-06-23,136.301,139.156,135.902,138.22,84634140
2020-06-22,134.225,135.75,133.45,135.691,64175600
2020-06-19,133.904,134.872,132.95,133.751,115539260
2020-06-18,132.35,132.982,131.806,132.699,49755480
2020-06-17,132.375,132.75,131.591,132.049,59186320
2020-06-16,131.0,131.0,128.8,130.764,71912980
2020-06-15,126.33,129.2,125.4,128.634,77466700
2020-06-12,130.06,131.074,125.167,127.251,108722540
2020-06-11,130.175,133.569,126.812,127.898,116002140
2020-06-10,132.25,136.118,131.313,132.372,98920620
2020-06-09,126.472,131.322,126.25,130.043,103519000
2020-06-08,125.01,126.5,124.367,126.203,79413080
2020-06-05,122.226,124.432,121.857,124.15,66128900
2020-06-04,123.872,125.377,122.501,123.03,58974200
2020-06-03,123.401,124.4,123.059,123.92,53420480
2020-06-02,123.35,123.676,122.266,123.62,50598060
2020-06-01,122.4,123.846,122.208,123.552,58760640
2020-05-29,120.797,122.118,119.91,122.118,70586580
2020-05-28,119.216,121.848,118.912,120.055,63862720
2020-05-27,120.249,120.679,116.5,120.52,101138900
2020-05-26,122.9,123.1,120.703,121.093,71363060
2020-05-22,122.751,123.492,121.506,121.844,57341580
2020-05-21,125.0,126.272,122.127,122.337,102288060
2020-05-20,123.893,125.001,123.364,124.897,79962860
2020-05-19,121.492,124.25,121.448,122.466,86409960
2020-05-18,120.217,121.65,119.2,121.313,87331440
2020-05-15,118.426,120.55,117.818,120.489,84699020
2020-05-14,118.051,119.568,117.66,119.442,72962560
2020-05-13,118.34,120.385,116.89,118.396,95658380
2020-05-12,120.592,120.95,117.75,117.848,61498320
2020-05-11,118.735,120.983,118.606,120.45,65184620
2020-05-08,118.607,119.362,117.85,118.98,64224560
2020-05-07,118.739,118.8,117.156,118.381,67928220
2020-05-06,116.472,117.872,116.0,117.563,62356280
2020-05-05,117.0,117.55,115.356,115.89,64849920
2020-05-04,112.819,116.349,112.819,115.8,97318520
2020-05-01,116.84,118.122,112.91,114.302,195452100
2020-04-30,120.992,123.75,119.801,123.7,190692220
2020-04-29,116.501,119.594,115.5,118.636,91831860
2020-04-28,118.605,118.675,115.3,115.704,105388920
2020-04-27,122.16,122.244,118.15,118.8,112912900
2020-04-24,120.85,121.022,119.1,120.511,76635940
2020-04-23,119.999,121.211,119.104,119.972,101331040
2020-04-22,118.45,119.7,117.55,118.174,84365900
2020-04-21,120.83,121.415,113.983,116.406,149533580
2020-04-20,119.497,122.249,119.303,119.681,115413880
2020-04-17,118.616,120.0,115.801,118.75,158600200
2020-04-16,117.3,123.05,116.75,120.41,240764020
2020-04-15,112.884,116.668,112.25,115.384,137331340
2020-04-14,110.023,114.6,109.31,114.166,161743860
2020-04-13,102.0,109.0,101.9,108.444,134334180
2020-04-09,102.215,102.65,100.883,102.138,93112340
2020-04-08,101.05,102.2,100.558,102.15,79546260
2020-04-07,100.855,101.786,99.881,100.58,102279660
2020-04-06,96.8,99.926,96.501,99.8795,115463620
2020-04-03,95.5575,96.3165,94.4575,95.3295,72197400
2020-04-02,95.082,96.3763,94.5,95.9415,86719700
2020-04-01,96.6485,97.248,94.65,95.385,82437500
2020-03-31,98.2175,99.651,97.2005,97.486,102472520
2020-03-30,96.1415,98.6815,95.617,98.1975,122521740
2020-03-27,96.543,96.9895,94.996,95.005,107757940
2020-03-26,95.1,97.8245,94.4645,97.7745,124702360
2020-03-25,96.0345,97.513,94.289,94.292,129581460
2020-03-24,97.5748,97.75,95.017,97.005,142941600
2020-03-23,91.3875,95.97,90.6,95.1415,156169780
2020-03-20,96.3155,97.85,91.0365,92.3045,196357000
2020-03-19,93.0,97.25,91.6325,94.0465,207998860
2020-03-18,87.5,92.083,87.25,91.5,192904360
2020-03-17,88.7735,92.8888,84.462,90.392,218342580
2020-03-16,82.0755,87.9726,81.3016,84.4575,178345300
2020-03-13,87.75,89.3155,84.031,89.25,176194500
2020-03-12,86.099,88.25,83.75,83.8305,226924280
2020-03-11,92.8925,93.566,90.075,91.043,112936620
2020-03-10,93.544,94.7135,90.9085,94.591,142666200
2020-03-09,88.693,93.1385,88.0645,90.0305,156264640
2020-03-06,93.75,95.5435,93.475,95.0545,105471600
2020-03-05,96.65,98.036,95.5,96.2015,94964200
2020-03-04,97.3285,98.9,96.1,98.7915,95458380
2020-03-03,98.7685,99.8165,94.4045,95.4495,150689820
2020-03-02,95.476,97.7255,93.5,97.6975,135233020
2020-02-28,90.7295,94.488,90.5565,94.1875,189875940
2020-02-27,96.719,98.75,94.138,94.215,162879860
2020-02-26,98.514,100.734,98.0225,98.9795,104808040
2020-02-25,101.321,101.73,97.921,98.637,124381880
2020-02-24,100.159,101.965,99.3985,100.464,130939940
2020-02-21,107.108,107.228,104.4,104.798,93014800
2020-02-20,108.654,108.84,106.372,107.655,62626840
2020-02-19,108.39,109.255,108.056,108.511,51223300
2020-02-18,106.251,108.304,106.206,107.784,59021400
2020-02-14,107.784,107.952,106.294,106.744,52123380
2020-02-13,107.249,108.514,107.1,107.494,60635820
2020-02-12,108.16,109.012,107.764,108.0,66685280
2020-02-11,107.545,109.297,106.8,107.54,114920220
2020-02-10,104.251,106.78,104.248,106.696,101124700
2020-02-07,102.1,104.926,101.905,103.964,101906940
2020-02-06,102.051,102.815,101.24,102.512,63659080
2020-02-05,103.551,103.551,101.6,101.994,87523480
2020-02-04,101.494,102.99,100.768,102.484,105786760
2020-02-03,100.53,102.425,100.012,100.21,117981880
2020-01-31,102.574,102.786,100.114,100.436,311345660
2020-01-30,92.9,93.6435,92.5305,93.534,126548760
2020-01-29,93.2,93.7375,92.751,92.9,42027800
2020-01-28,92.025,92.9055,91.501,92.6625,56160800
2020-01-27,91.0,92.05,90.767,91.417,70570180
2020-01-24,94.5685,94.7495,92.372,93.082,75323620
2020-01-23,94.2555,94.499,93.638,94.229,49692260
2020-01-22,94.8045,95.125,94.167,94.373,64325140
2020-01-21,93.25,94.7135,93.0,94.6,74155700
2020-01-17,94.2945,94.332,92.8625,93.236,79946800
2020-01-16,94.1495,94.2795,93.301,93.897,53189860
2020-01-15,93.6125,93.943,92.7545,93.101,57931840
2020-01-14,94.294,94.3555,92.9275,93.472,68927620
2020-01-13,94.5655,94.9,94.04,94.565,55716880
2020-01-10,95.2685,95.347,94.0,94.158,57139180
2020-01-09,95.4945,95.891,94.79,95.0525,63499240
2020-01-08,94.902,95.55,94.322,94.5985,70239320
2020-01-07,95.225,95.6945,94.602,95.343,82680200
2020-01-06,93.0,95.1845,93.0,95.144,81313960
2020-01-03,93.225,94.31,93.225,93.7485,75332080
2020-01-02,93.75,94.9005,93.2075,94.9005,80718200
2019-12-31,92.1,92.663,91.6115,92.392,50207600
2019-12-30,93.7,94.2,92.031,92.3445,73546120
2019-12-27,94.146,95.07,93.3005,93.49,123775080
2019-12-26,90.0505,93.523,89.975,93.4385,120492160
2019-12-24,89.6905,89.7785,89.379,89.4605,17626740
2019-12-23,89.413,89.65,89.2255,89.65,42749860
2019-12-20,89.981,90.1485,89.1225,89.325,103049200
2019-12-19,89.025,89.6495,88.703,89.614,54766400
2019-12-18,89.751,89.91,89.118,89.2015,67082740
2019-12-17,88.9005,89.6,88.8695,89.533,72933940
2019-12-16,88.35,88.475,87.8525,88.4605,62986900
2019-12-13,88.25,88.4495,87.75,88.047,54958180
2019-12-12,87.5,88.2,87.272,88.0165,62078980
2019-12-11,87.0835,87.5,86.7855,87.436,42026360
2019-12-10,87.37,87.5335,86.75,86.9605,50312880
2019-12-09,87.533,88.3445,87.2805,87.471,50049780
2019-12-06,87.56,87.72,87.0065,87.58,62399580
2019-12-05,88.175,88.175,87.0,87.024,56557040
2019-12-04,88.7005,89.4545,88.011,88.0345,53614000
2019-12-03,88.0,88.6435,87.3615,88.498,70591640
2019-12-02,90.22,90.2775,88.134,89.08,78635000
2019-11-29,90.889,91.2345,90.0395,90.04,38468800
2019-11-27,90.05,91.225,89.8655,90.9255,60467100
2019-11-26,88.996,89.8515,88.9175,89.847,63808560
2019-11-25,87.6625,88.871,87.662,88.692,69789340
2019-11-22,86.951,87.3215,86.55,87.286,49581620
2019-11-21,87.15,87.3435,86.518,86.7355,53258760
2019-11-20,87.457,88.126,86.706,87.2765,55875180
2019-11-19,87.8495,88.034,87.1515,87.6395,45490700
2019-11-18,86.915,87.685,86.1355,87.6265,56838140
2019-11-15,88.0025,88.084,86.643,86.9745,78622820
2019-11-14,87.5715,88.3295,87.478,87.73,45388340
2019-11-13,88.6695,88.75,87.366,87.6555,58537840
2019-11-12,88.733,89.311,88.5955,88.9,40778500
2019-11-11,88.9,89.0,88.3565,88.5825,38956200
2019-11-08,89.3945,89.494,88.702,89.294,42523960
2019-11-07,90.188,90.295,89.174,89.41,53021720
2019-11-06,90.05,90.125,89.429,89.7885,40595660
2019-11-05,90.458,90.5125,89.7,90.0855,37710860
2019-11-04,90.0505,90.753,90.0505,90.233,55438440
2019-11-01,89.4005,89.8725,89.2605,89.572,55807080
2019-10-31,88.7995,89.6,88.574,88.833,55623700
2019-10-30,88.012,89.119,87.956,88.9995,48988100
2019-10-29,88.7405,88.85,87.7905,88.1355,45537100
2019-10-28,87.403,88.935,87.125,88.854,74177020
2019-10-25,84.8775,88.2105,84.75,88.0665,192528040
2019-10-24,88.5545,89.417,88.0135,89.039,104087000
2019-10-23,88.065,88.5025,87.1,88.1085,43807600
2019-10-22,89.4075,89.489,88.1,88.2865,44688500
2019-10-21,88.483,89.294,88.25,89.283,44498040
2019-10-18,89.39,89.699,87.46,87.8755,67321820
2019-10-17,89.8245,89.9425,89.101,89.374,54275460
2019-10-16,88.6665,89.312,88.526,88.8715,56081360
2019-10-15,87.107,88.8225,87.031,88.369,62584880
2019-10-14,86.4455,87.0945,86.1,86.8215,38577960
2019-10-11,87.146,87.2725,86.493,86.596,65590680
2019-10-10,86.262,86.9145,85.6875,86.013,54430620
2019-10-09,85.9805,86.4975,85.718,86.0995,41786700
2019-10-08,86.1245,86.35,85.25,85.2755,52536800
2019-10-07,86.5815,87.3915,86.185,86.633,43751960
2019-10-04,86.301,87.029,85.9615,86.9825,49785540
2019-10-03,85.65,86.25,84.253,86.221,72487420
2019-10-02,86.387,86.4445,85.25,85.6615,66769520
2019-10-01,87.3,87.78,86.4205,86.7825,63409200
2019-09-30,86.3495,86.873,85.461,86.7955,55215360
2019-09-27,87.4,87.456,85.691,86.2725,78960580
2019-09-26,88.1395,88.1685,86.575,86.992,71439040
2019-09-25,87.368,88.65,86.15,88.4165,70621960
2019-09-24,89.5305,89.7855,86.7775,87.0805,92758020
2019-09-23,88.85,89.635,88.366,89.265,62782840
2019-09-20,91.0855,91.5315,89.046,89.708,111116780
2019-09-19,91.051,91.6285,90.895,91.075,41566700
2019-09-18,90.852,91.103,89.775,90.873,50720240
2019-09-17,90.354,91.1995,90.205,91.1275,40661160
2019-09-16,91.201,91.2845,90.01,90.392,73509460
2019-09-13,92.1005,92.306,91.7585,91.967,39426340
2019-09-12,91.8815,92.683,91.714,92.1775,56470100
2019-09-11,90.607,91.671,90.454,91.1495,48655340
2019-09-10,91.1375,91.2905,90.267,91.0275,52277580
2019-09-09,92.05,92.5,91.2305,91.5675,59990300
2019-09-06,91.911,92.0325,91.32,91.6755,49938660
2019-09-05,91.0975,92.1,90.779,92.036,66503780
2019-09-04,90.25,90.3815,89.8115,90.031,46524560
2019-09-03,88.5,90.04,88.4,89.492,70937180
2019-08-30,89.8745,89.987,88.2285,88.8145,61282940
2019-08-29,89.15,89.9275,88.8625,89.32,60360240
2019-08-28,87.75,88.393,87.2025,88.2125,48437860
2019-08-27,88.7865,88.97,87.334,88.0915,60544900
2019-08-26,88.3455,88.5,87.1755,88.4435,61706400
2019-08-23,89.6515,90.245,87.2615,87.481,105557960
2019-08-22,91.4,91.4705,90.005,90.28,53167760
2019-08-21,90.9695,91.479,90.75,91.177,40784620
2019-08-20,90.725,90.841,89.994,90.069,38656700
2019-08-19,90.904,91.3,90.6305,90.806,56406060
2019-08-16,89.6445,90.1455,89.2275,89.6285,61084800
2019-08-15,89.0995,89.4,88.098,88.806,76198960
2019-08-14,89.6505,89.7825,87.861,88.148,97872980
2019-08-13,89.15,91.587,89.0,91.217,81500420
2019-08-12,89.7995,90.049,88.85,89.246,58109960
2019-08-09,91.4475,91.5545,90.111,90.379,57595400
2019-08-08,90.3,91.713,89.9055,91.6445,74024840
2019-08-07,88.6995,89.9465,87.85,89.67,90537680
2019-08-06,89.3915,89.6885,87.67,89.3915,101405160
2019-08-05,88.511,89.4335,87.439,88.2565,121164240
2019-08-02,92.2535,92.318,90.401,91.162,99124500
2019-08-01,93.586,94.896,92.2005,92.766,94266220
2019-07-31,94.9055,94.9775,92.472,93.339,89414540
2019-07-30,94.556,95.4945,94.174,94.9265,58217760
2019-07-29,96.5,96.6115,94.527,95.6225,89863800
2019-07-26,97.1,97.545,96.2255,97.1525,98542860
2019-07-25,100.05,100.06,98.636,98.691,82729220
2019-07-24,98.465,100.065,98.2935,100.04,52626000
2019-07-23,99.7995,99.8895,98.6565,99.7245,54069600
2019-07-22,98.557,99.45,97.913,99.2815,58162220
2019-07-19,99.5605,99.8,98.1115,98.226,63712240
2019-07-18,98.895,99.375,97.5775,98.895,70085040
2019-07-17,100.352,100.6,99.6015,99.6015,51176180
2019-07-16,100.529,101.316,100.061,100.495,52363960
2019-07-15,101.07,101.145,100.078,101.05,59626860
2019-07-12,100.414,100.85,100.194,100.55,50185940
2019-07-11,101.281,101.79,99.765,100.054,86355320
2019-07-10,99.8255,101.247,99.77,100.87,98638040
2019-07-09,97.39,99.5005,97.174,99.415,86913960
2019-07-08,96.706,97.8,96.4125,97.616,57667420
2019-07-05,96.43,97.295,96.265,97.1455,52567180
2019-07-03,96.7945,97.0795,96.525,96.95,33805880
2019-07-02,95.969,96.7395,95.3315,96.7155,53025980
2019-07-01,96.149,96.491,95.733,96.1095,64066940
2019-06-28,95.455,95.647,94.2,94.6815,60747160
2019-06-27,95.1,95.562,94.902,95.214,42834420
2019-06-26,94.624,95.19,94.366,94.8915,48838200
2019-06-25,95.592,95.8195,93.621,93.9135,60246940
2019-06-24,95.633,95.843,95.065,95.695,45659380
2019-06-21,95.805,96.2975,95.379,95.565,78671520
2019-06-20,96.6665,96.76,95.29,95.9095,64343060
2019-06-19,95.392,95.979,94.6235,95.4395,57906940
2019-06-18,95.0675,96.0835,94.9895,95.0685,77914560
2019-06-17,93.825,94.7845,93.7725,94.3015,52686840
2019-06-14,93.2,93.8,92.95,93.4835,57023260
2019-06-13,93.336,94.1545,93.111,93.515,55916200
2019-06-12,92.699,93.25,92.219,92.766,53566700
2019-06-11,94.1625,94.685,92.9,93.185,80853880
2019-06-10,91.1,94.2435,90.9,93.0315,107420140
2019-06-07,88.185,90.3125,87.9745,90.2015,96164920
2019-06-06,86.8855,88.0,86.3065,87.718,73785440
2019-06-05,87.48,87.6,85.7625,86.925,84795640
2019-06-04,84.962,86.541,84.0445,86.478,113582420
2019-06-03,88.0005,88.3145,83.6,84.6345,181974160
2019-05-31,89.5005,89.7795,88.635,88.7535,92376380
2019-05-30,91.2745,91.4735,90.3915,90.816,62937000
2019-05-29,91.156,91.5,90.3765,90.9595,85580500
2019-05-28,91.6375,92.4635,91.3675,91.8215,63999300
2019-05-24,91.7945,92.088,90.8925,91.164,67393460
2019-05-23,91.8295,92.2,90.21,90.774,88485300
2019-05-22,92.589,93.5745,92.55,92.984,58732020
2019-05-21,93.7395,93.95,92.3,92.876,80102440
2019-05-20,92.6345,93.389,91.777,92.9485,75963960
2019-05-17,94.6525,95.5265,93.3665,93.45,94732360
2019-05-16,94.297,95.8755,94.1145,95.3785,94156440
2019-05-15,91.3975,93.7215,91.15,93.5575,93852840
2019-05-14,91.975,92.622,90.7875,92.006,92582140
2019-05-13,91.828,92.327,90.9,91.134,115668200
2019-05-10,94.9,95.1895,92.8,94.499,114359880
2019-05-09,95.0,95.47,93.8,94.9935,106165260
2019-05-08,95.9435,96.7685,95.5,95.8885,81571360
2019-05-07,96.9995,97.455,95.169,96.05,118042680
2019-05-06,95.899,97.95,95.525,97.5275,108356820
2019-05-03,97.45,98.22,96.8,98.123,127631280
2019-05-02,95.6665,96.0775,94.0935,95.041,79258300
2019-05-01,96.6545,97.182,95.5275,95.576,62339280
2019-04-30,96.505,96.7855,95.3475,96.326,70120140
2019-04-29,97.45,97.817,96.7045,96.9215,80425100
2019-04-26,96.45,97.55,94.9,97.5315,168651260
2019-04-25,95.85,96.1225,95.0155,95.1125,121984020
2019-04-24,96.25,96.4845,94.908,95.0875,73515620
2019-04-23,94.56,96.463,94.479,96.1885,92808820
2019-04-22,92.77,94.421,92.282,94.3655,67476140
2019-04-18,93.4395,93.541,92.974,93.0845,54997640
2019-04-17,93.6495,93.8235,93.022,93.241,57870340
2019-04-16,92.5675,93.4885,92.4,93.152,60892360
2019-04-15,92.1,92.3425,90.945,92.2435,74488460
2019-04-12,92.42,92.575,92.065,92.153,62288260
2019-04-11,92.435,92.4975,92.0155,92.2035,53096840
2019-04-10,92.05,92.4,91.4405,92.3665,59279460
2019-04-09,92.2745,92.6545,91.589,91.792,74287360
2019-04-08,91.6615,92.51,91.2555,92.493,75056820
2019-04-05,91.45,91.929,91.2595,91.864,72809520
2019-04-04,91.0325,91.4375,90.21,90.943,72477340
2019-04-03,91.336,91.5,90.481,91.035,79611800
2019-04-02,90.551,91.0,90.256,90.699,68962300
2019-04-01,90.0055,90.7835,89.9365,90.7095,84775040
2019-03-29,89.329,89.643,88.8315,89.0375,66415860
2019-03-28,88.5,88.8965,87.6735,88.671,60859160
2019-03-27,89.2065,89.375,87.284,88.285,86496020
2019-03-26,89.65,90.2885,88.668,89.188,97317600
2019-03-25,87.8895,89.134,87.375,88.713,102076060
2019-03-22,90.5085,90.949,88.1555,88.2385,127259660
2019-03-21,89.813,91.1875,89.364,90.963,115355940
2019-03-20,88.497,89.975,88.3515,89.8635,125312660
2019-03-19,87.6755,89.208,87.6755,88.0925,127283220
2019-03-18,85.635,87.5,85.6315,87.1075,108581160
2019-03-15,85.15,85.94,84.6565,85.618,151017400
2019-03-14,84.56,85.1,84.217,84.311,58932360
2019-03-13,84.15,85.0,83.9675,84.5405,71040820
2019-03-12,83.45,84.2135,83.049,83.655,72289960
2019-03-11,81.306,83.6145,81.3005,83.531,77527040
2019-03-08,80.2005,81.136,79.3285,81.04,93340280
2019-03-07,83.3685,83.4875,81.0255,81.2975,99140340
2019-03-06,84.7985,84.8875,83.414,83.4475,79920020
2019-03-05,85.1475,85.39,84.4505,84.6215,73630440
2019-03-04,84.25,85.4715,83.718,84.8085,123347160
2019-03-01,82.7565,83.713,82.55,83.5865,99497540
2019-02-28,81.7625,82.5885,81.6915,81.9915,60517820
2019-02-27,81.409,82.0905,80.755,82.0545,62976480
2019-02-26,81.299,81.9995,80.8065,81.82,53316300
2019-02-25,82.0725,82.73,81.5195,81.65,63689240
2019-02-22,81.175,81.747,81.0585,81.578,61923820
2019-02-21,80.9925,81.178,80.0455,80.972,69667840
2019-02-20,81.5,81.7465,80.506,81.105,66751780
2019-02-19,80.05,81.7,80.028,81.379,73633120
2019-02-15,81.393,81.4455,80.225,80.3975,86877860
2019-02-14,81.225,81.895,80.303,81.1325,82410480
2019-02-13,82.35,82.819,81.8555,82.0,71206420
2019-02-12,80.2,81.97,79.944,81.9005,97172080
2019-02-11,80.049,80.4645,79.3,79.55,66346560
2019-02-08,79.3,79.4295,78.338,79.411,113149140
2019-02-07,81.25,81.277,79.6455,80.7185,92531780
2019-02-06,83.5375,83.613,81.667,82.013,78797660
2019-02-05,82.167,83.263,82.125,82.9405,89062100
2019-02-04,81.15,82.4815,80.675,81.6655,98583740
2019-02-01,81.944,83.653,81.1005,81.3115,230124260
2019-01-31,84.6425,86.8205,83.954,85.9365,218206760
2019-01-30,81.15,83.8475,80.984,83.5215,115676440
2019-01-29,81.5635,81.619,79.536,79.694,92655640
2019-01-28,82.1795,82.25,80.7045,81.8945,96754220
2019-01-25,83.525,84.174,83.0805,83.5285,99193580
2019-01-24,82.0535,82.863,81.589,82.7465,81798860
2019-01-23,82.8,82.8715,80.6,82.001,104504240
2019-01-22,84.05,84.0935,80.51,81.6085,128335920
2019-01-18,85.6,85.81,84.577,84.81,120410060
2019-01-17,84.0,85.0085,83.875,84.661,84177500
2019-01-16,84.211,85.25,83.794,84.189,127337280
2019-01-15,81.6,83.758,81.3005,83.728,119970200
2019-01-14,80.75,82.41,79.7575,80.8605,120117760
2019-01-11,82.0275,83.0145,81.811,82.028,93724440
2019-01-10,82.0505,83.1625,81.081,82.811,130153860
2019-01-09,82.649,83.39,82.07,82.971,126976020
2019-01-08,83.2345,83.8305,80.8305,82.829,177628560
2019-01-07,80.1155,81.728,79.4595,81.4755,159864260
2019-01-04,76.5,79.7,75.9155,78.7695,183651500
2019-01-03,76.0005,76.9,74.8555,75.014,139511440
2019-01-02,73.26,77.668,73.0465,76.9565,159662060
2018-12-31,75.54,76.038,74.35,75.0985,139090140
2018-12-28,73.6675,75.6735,72.45,73.901,176579000
2018-12-27,72.71,73.45,69.5155,73.082,194440680
2018-12-26,68.4445,73.658,68.1505,73.545,208236020
2018-12-24,67.3,69.8015,65.35,67.198,144399920
2018-12-21,73.2495,74.0,68.198,68.8725,272806400
2018-12-20,74.2,75.475,71.6345,73.0415,199836660
2018-12-19,77.1525,79.2265,74.159,74.754,175843780
2018-12-18,77.0,78.3775,76.1505,77.574,130459500
2018-12-17,78.3,78.8065,75.2505,76.0455,176595240
2018-12-14,81.9,82.1285,79.25,79.5955,127343260
2018-12-13,84.0,84.606,82.075,82.919,105423240
2018-12-12,83.45,85.2495,83.0135,83.177,131959360
2018-12-11,83.9,83.9735,80.98,82.162,124893900
2018-12-10,81.192,82.8995,79.5435,82.0515,149896160
2018-12-07,85.2535,85.9465,81.273,81.4565,151522640
2018-12-06,80.7435,85.0525,80.4925,84.9595,175787880
2018-12-04,87.8,88.517,83.25,83.42,173889100
2018-12-03,88.473,88.917,86.5,88.618,137243200
2018-11-30,83.975,84.8,83.325,84.5085,115235220
2018-11-29,83.7495,84.4995,82.6165,83.6785,132264860
2018-11-28,80.696,84.0725,80.061,83.8875,169174760
2018-11-27,78.7995,79.8825,77.9005,79.071,115664540
2018-11-26,76.95,79.2405,76.211,79.0665,125154320
2018-11-23,75.85,76.81,75.0905,75.103,54152840
2018-11-21,77.1495,77.5,75.75,75.8365,114336000
2018-11-20,71.875,76.7375,71.0,74.773,217576460
2018-11-19,78.8505,79.0595,75.168,75.6145,155799620
2018-11-16,79.375,80.724,78.656,79.6705,121321600
2018-11-15,79.0505,81.241,77.3255,80.972,168546740
2018-11-14,82.816,83.65,79.8535,79.9505,129737820
2018-11-13,82.4645,83.853,80.6875,81.5585,118665420
2018-11-12,84.912,85.4275,81.5005,81.8425,136124900
2018-11-09,86.625,87.196,85.0935,85.6215,118043720
2018-11-08,87.75,89.2,86.2555,87.7455,130697320
2018-11-07,83.65,87.9615,83.204,87.7745,163844680
2018-11-06,80.9175,83.25,80.7275,82.1405,85147060
2018-11-05,82.8785,82.9045,79.818,81.39,112494540
2018-11-02,83.9295,84.872,82.5915,83.2765,139110960
2018-11-01,81.1765,83.5225,79.922,83.2765,162710780
2018-10-31,78.4995,81.1955,78.2545,79.9005,187804220
2018-10-30,74.308,77.0495,73.818,76.521,249201720
2018-10-29,83.0,83.287,74.75,76.944,277321540
2018-10-26,82.4795,84.923,80.15,82.1405,299275660
2018-10-25,85.167,89.7405,84.6005,89.1085,205714840
2018-10-24,88.685,88.8855,82.828,83.21,138567660
2018-10-23,87.112,88.817,85.7,88.435,134478260
2018-10-22,89.2,90.475,87.8,89.465,90000300
2018-10-19,89.258,90.455,87.65,88.2015,118144920
2018-10-18,91.0745,91.5075,88.3935,88.536,117479900
2018-10-17,92.1395,92.25,90.35,91.5865,105903540
2018-10-16,89.175,91.194,88.0775,90.998,117198360
2018-10-15,89.75,89.7525,86.7115,88.0475,128743240
2018-10-12,90.4,90.4475,87.1265,89.4305,188891740
2018-10-11,86.2,87.77,84.255,85.968,278717440
2018-10-10,92.8945,92.928,87.7205,87.7625,219777100
2018-10-09,92.9995,94.834,92.616,93.516,95457320
2018-10-08,93.7,95.1,91.533,93.221,147863980
2018-10-05,95.8995,96.454,93.1415,94.4825,136446540
2018-10-04,97.45,97.8,94.8285,95.471,145139460
2018-10-03,99.085,99.485,97.4905,97.638,105062620
2018-10-02,99.9995,100.67,98.2885,98.5655,108014980
2018-10-01,101.1,101.66,100.18,100.218,69365700
2018-09-28,100.22,101.326,99.823,100.15,81702700
2018-09-27,99.662,100.808,99.429,100.649,86587820
2018-09-26,98.425,99.7625,98.076,98.7425,86269180
2018-09-25,97.145,98.7955,96.9425,98.7275,90768140
2018-09-24,95.1895,96.844,93.25,96.718,84274560
2018-09-21,97.711,97.8655,95.525,95.7505,137117960
2018-09-20,96.929,97.75,96.6125,97.215,63098680
2018-09-19,97.025,97.0415,95.245,96.321,81136440
2018-09-18,95.9325,97.91,95.772,97.0525,85374120
2018-09-17,97.7365,97.841,94.3705,95.4015,141003840
2018-09-14,99.6465,99.6825,97.961,98.5095,72840600
2018-09-13,100.0,100.438,99.1015,99.4935,72430220
2018-09-12,99.7,100.0,98.122,99.5,88280240
2018-09-11,96.4135,99.444,95.85,99.3575,100672900
2018-09-10,98.55,98.652,96.576,96.9505,90896620
2018-09-07,96.9355,98.76,96.8675,97.6035,97852860
2018-09-06,100.326,100.375,96.7605,97.9155,149773600
2018-09-05,101.905,102.019,99.4945,99.741,164411520
2018-09-04,101.325,102.525,100.65,101.976,114421860
2018-08-31,100.35,101.119,100.237,100.636,84087560
2018-08-30,99.871,101.278,99.345,100.119,145545140
2018-08-29,97.6725,99.9345,97.447,99.905,130635220
2018-08-28,96.8865,97.089,96.441,96.641,62014540
2018-08-27,95.75,96.385,95.464,96.384,71380740
2018-08-24,95.5255,95.8005,95.127,95.2695,56017260
2018-08-23,95.3585,95.975,95.038,95.145,71259940
2018-08-22,93.832,95.29,93.832,95.245,61609280
2018-08-21,94.0,94.8875,93.7205,94.171,62112520
2018-08-20,94.5285,94.5875,93.303,93.8355,57240320
2018-08-17,94.29,94.4,92.7775,94.111,82086000
2018-08-16,95.197,95.25,94.1775,94.326,79141800
2018-08-15,95.4775,95.8105,93.4895,94.131,154013640
2018-08-14,95.9695,96.0505,95.0,95.9825,79722460
2018-08-13,94.925,96.25,94.6835,94.81,110629500
2018-08-10,94.4255,94.975,93.9105,94.315,72798540
2018-08-09,94.1,95.7285,93.874,94.926,97207480
2018-08-08,93.05,94.5755,92.725,94.326,79260340
2018-08-07,92.7265,93.486,92.3135,93.124,67549460
2018-08-06,91.2905,92.3885,90.946,92.3875,67836500
2018-08-03,91.887,92.05,91.075,91.1645,69209740
2018-08-02,89.4385,91.828,89.3,91.7165,87093620
2018-08-01,89.2,89.922,88.801,89.8585,83061920
2018-07-31,89.3245,90.0915,86.966,88.872,114774260
2018-07-30,91.3665,91.475,88.301,88.961,131246420
2018-07-27,93.8025,94.0025,90.3265,90.8635,193619180
2018-07-26,91.95,92.234,90.225,90.4,198487420
2018-07-25,91.465,93.192,91.132,93.1805,76726660
2018-07-24,91.4505,92.0,90.469,91.462,85574460
2018-07-23,90.6105,90.95,88.4995,90.1,77769240
2018-07-20,91.2505,91.742,90.503,90.685,77831320
2018-07-19,91.473,92.05,90.5635,90.6485,93538840
2018-07-18,92.4,92.944,91.5635,92.146,97238260
2018-07-17,90.578,92.5845,89.869,92.1965,113657620
2018-07-16,91.0975,92.0975,90.7225,91.1245,109323900
2018-07-13,90.1965,90.765,89.7615,90.6515,87733580
2018-07-12,88.2255,89.9,88.109,89.831,90654860
2018-07-11,86.8995,87.848,86.7,87.75,64195640
2018-07-10,86.9265,87.5,86.55,87.1535,60058100
2018-07-09,86.2025,86.978,85.8115,86.951,60239760
2018-07-06,84.8,85.7635,84.5835,85.5315,53005240
2018-07-05,85.269,85.5345,84.1075,84.9865,59662200
2018-07-03,86.198,86.25,84.624,84.698,43545520
2018-07-02,84.135,85.6945,83.903,85.689,63713920
2018-06-29,85.85,86.1705,84.716,84.99,90870160
2018-06-28,83.627,85.275,83.0585,85.0725,90594000
2018-06-27,85.4055,85.5975,83.0,83.0255,97444020
2018-06-26,83.6185,85.0785,83.167,84.5545,87731700
2018-06-25,85.1255,85.25,82.3155,83.1575,150223920
2018-06-22,87.131,87.15,85.595,85.7835,81502480
2018-06-21,88.0,88.155,85.878,86.511,98822960
2018-06-20,87.125,88.1465,87.068,87.504,86651820
2018-06-19,85.452,86.8055,85.0195,86.739,85802340
2018-06-18,85.313,86.337,85.128,86.1895,62154840
2018-06-15,85.7,86.0435,85.426,85.7985,95552920
2018-06-14,85.674,86.24,85.4435,86.193,63488300
2018-06-13,85.1405,85.6875,85.006,85.243,66550580
2018-06-12,84.65,84.9755,84.576,84.9375,45184300
2018-06-11,84.0755,84.712,84.0295,84.456,46709680
2018-06-08,84.056,84.472,83.6505,84.1995,59102200
2018-06-07,84.928,84.995,83.8055,84.465,75313740
2018-06-06,85.2255,85.725,84.3235,84.7875,109464260
2018-06-05,83.6495,84.95,83.503,84.8175,95643540
2018-06-04,82.445,83.284,82.2745,83.2635,63754740
2018-06-01,81.8515,82.3365,81.7545,82.077,66267700
2018-05-31,81.15,81.75,81.0675,81.481,63326600
2018-05-30,80.905,81.3,80.6465,81.2445,58147140
2018-05-29,80.0355,81.0895,80.0075,80.6435,76929540
2018-05-25,80.15,80.706,80.0225,80.5075,53968000
2018-05-24,79.9015,80.412,79.419,80.1535,68599500
2018-05-23,78.5525,80.093,78.317,80.093,67237840
2018-05-22,79.4945,79.4945,78.7625,79.07,42312780
2018-05-21,79.25,79.6025,78.75,79.273,58504700
2018-05-18,79.0665,79.1795,78.605,78.7185,52851680
2018-05-17,79.028,79.702,78.65,79.088,42952120
2018-05-16,78.875,79.7215,78.8335,79.364,51411440
2018-05-15,79.39,79.39,78.261,78.806,101549300
2018-05-14,80.2,80.559,80.0025,80.077,50189660
2018-05-11,80.5495,80.555,79.8945,80.166,45278000
2018-05-10,80.424,80.78,80.172,80.454,56349000
2018-05-09,80.0,80.4,79.6,80.4,72746040
2018-05-08,79.75,79.844,79.1255,79.6195,61358980
2018-05-07,79.467,80.3475,79.3915,80.007,76037100
2018-05-04,78.1225,79.245,78.1095,79.0475,68871340
2018-05-03,78.0005,78.74,77.301,78.604,85038340
2018-05-02,79.049,79.425,78.318,78.484,87205460
2018-05-01,78.161,79.25,77.609,79.113,91441420
2018-04-30,79.125,79.8,78.047,78.3065,109281700
2018-04-27,81.7005,81.905,78.3695,78.631,261064820
2018-04-26,74.2505,76.471,73.925,75.898,176022020
2018-04-25,72.9,73.4995,70.751,73.0085,131745800
2018-04-24,76.79,76.975,72.4225,73.0045,149893980
2018-04-23,75.893,77.4,75.1705,75.893,89308480
2018-04-20,78.06,78.06,75.8045,76.3745,110832440
2018-04-19,77.161,78.426,76.953,77.8455,130474560
2018-04-18,75.7325,76.69,75.2055,76.392,104550180
2018-04-17,73.115,75.3595,72.851,75.1915,102288060
2018-04-16,72.25,72.35,71.374,72.075,56172480
2018-04-13,72.457,72.989,71.226,71.5395,73705340
2018-04-12,71.975,72.606,71.753,72.425,62700540
2018-04-11,71.972,72.439,71.2445,71.3525,71650660
2018-04-10,71.5995,71.919,70.785,71.811,85602880
2018-04-09,71.2515,71.924,70.1285,70.304,84164120
2018-04-06,71.4985,72.625,70.013,70.2615,117645140
2018-04-05,72.0995,72.978,71.3535,72.5875,128269180
2018-04-04,67.912,70.7695,67.644,70.5285,139646100
2018-04-03,69.569,70.7,67.7665,69.6025,204624240
2018-04-02,70.881,71.068,67.75,68.5995,209272140
2018-03-29,70.3,72.7735,68.26,72.367,251622420
2018-03-28,72.35,72.795,69.3085,71.571,274106340
2018-03-27,78.62,78.7985,74.116,74.8525,139992620
2018-03-26,76.5,77.8495,74.9625,77.793,112494000
2018-03-23,76.9505,77.451,74.768,74.778,160120660
2018-03-22,78.2735,78.6925,77.12,77.246,126411020
2018-03-21,79.3225,79.5,78.1585,79.093,95015420
